"gene_symbol","uniprotkb_ac","chr_num","loc","ref|alt","exac_alt_freq","1000g_alt_freq","normalized_1000g","average_1000g"
"REL","Q04864","2","60894435","A|G","0.013778","0.004226","1.00000","0.00423"
"PIK3CA","P42336","3","179234232","C|T","0.040735","0.023313","1.00000","0.02331"
"AFF1","P51825","4","87046247","A|G","0.012181","0.004317","1.00000","0.00432"
"KIT","P10721","4","54695696","G|A","-","0.000399","0.00961","0.01384"
"KIT","P10721","4","54695696","G|T","-","0.019768","0.47596","0.01384"
"KIT","P10721","4","54727315","A|G","0.027269","0.021366","0.51443","0.01384"
"RHOH","Q15669","4","40218297","A|G","-","0.136182","1.00000","0.13618"
"NOTCH2","Q04721","1","119969680","G|A","0.030152","0.007720","1.00000","0.00772"
"BCOR","Q6W2J9","X","40105898","G|A","-","0.012715","1.00000","0.01272"
"SRY","Q05066","Y","2787139","G|A","0.008649","0.017843","1.00000","0.01784"
